[
  {
    "dateEndInt": null,
    "title": "Selective Service Act of 1917",
    "dateStartInt": "1917-05-18",
    "description": "Order instituting the national draft. Recognized religious objectors."
  },
  {
    "dateEndInt": null,
    "dateStartInt": "1917-10-17",
    "title": "Confidential order segregating objectors",
    "description": "Issued by the war department; supposed to be kept confidential from papers."
  },
  {
    "dateEndInt": null,
    "title": "Executive order expanding policies",
    "dateStartInt": "1918-03-25",
    "description": "Clarified definitions of objectors; attempted to get COs to take noncombatant service; gave camp commanders power to punish objectors (clarified in subsequent Adjutant General's order)"
  },
  {
    "dateEndInt": null,
    "title": "War Department order forming Board of Inquiry",
    "description": "Sent all objectors to Leavenworth; created Board of Inquiry",
    "dateStartInt": "1918-06-01"
  },
  {
    "dateEndInt": null,
    "title": "Memo describing Board of Inquiry",
    "description": "Felix Frankfurter wrote a memo detailing what would become the board of inquiry.",
    "dateStartInt": "1917-09-18"
  },
  {
    "dateEndInt": null,
    "title": "Order expanding def. of objection",
    "dateStartInt": "1917-12-19",
    "description": "War department order that \"personal scruples\" are valid objection as well. Promised further instruction."
  },
  {
    "dateEndInt": null,
    "title": "Order from Adjutant General's office",
    "description": "Allowed camp commanders significant leeway in punishing objectors who had \"sullen or defiant\" attitudes",
    "dateStartInt": "1918-04-27"
  }
]