[
  {
    "dateEndInt": null,
    "title": "S.C. Yoder to J.K. Penner",
    "description": "Letter from Yoder to parent of CO. \"I am sorry to hear of the condition of your boy at Camp Dodge, however, if he took the position of no service, I think he will come out all right.\"",
    "dateStartInt": "1918-07-30"
  },
  {
    "dateEndInt": null,
    "title": "S.C. Yoder to Warren E. Pugh",
    "description": "Letter to Camp Dodge official inquiring about recent reports of a Mennonite CO (George Miller) who was beaten.\n\n\"We have been repeatedly assured that if we report such proceedings to the\n \nWar Department that they will take the matter up and adjust things, and if\n \nI did not have absolute confidence that such action was altogether out\n \nof accord with your wishes, I would report to them instead of to you.\"",
    "dateStartInt": "1918-08-30"
  },
  {
    "dateEndInt": null,
    "title": "J.K. Penner to S.C. Yoder",
    "description": "Letter from parent of CO held in Camp Dodge",
    "dateStartInt": "1918-07-26"
  },
  {
    "dateEndInt": null,
    "title": "Paul Snyder to S.C. Yoder",
    "description": "Letter from CO to Yoder. Written very soon before Board of Inquiry visit.\n\n\"Well, after I was released from the guard house\n \nI went back to the company, and was there five days and was transferred to\n \nanother co. In fact, practically all the C.O.'s were. We were given the last chance\n \nto accept non-combatant service, which all but five did\"\n\n\"Am in here with about 18 other prisoners\n \nmany of whom are the scum of the army, and their \"conversation is evil\n \ncontinually.\"\"",
    "dateStartInt": "1918-07-04"
  },
  {
    "dateEndInt": null,
    "title": "Albert Freyenberger to S.C. Yoder",
    "description": "Letter from CO in prison to Yoder.\n\n\"We are all well for which we can be thankful\n \nfor and regarding to treatments we are getting treated as well as could be\n \nexpected and are getting enough to eat.\"",
    "dateStartInt": "1918-03-29"
  },
  {
    "dateEndInt": null,
    "title": "S.C. Yoder to Albert Freyenberger",
    "description": "Letter to CO in camp.\n\n\"I did not think that it would be best for me to come up to see you till\n \nthis matter had quieted down some and things at the camp had settled.\n \nSome time when you boys want it you can ask the officer that is over\n \nyou about getting one of your ministers to come and hold a meeting for\n \nyou and he will arrange for it with the proper officials.\"",
    "dateStartInt": "1918-03-18"
  },
  {
    "dateEndInt": null,
    "dateStartInt": "1918-07-08",
    "description": "Response to a letter from a CO.\n\nOn camp dodge: \"Things are about as they are at the average place. They are expectinga change there soon. I think it will be made all around. \"",
    "title": "Letter from S.C. Yoder to Paul Snyder"
  },
  {
    "dateEndInt": null,
    "title": "S.C. Yoder to G.C. Schrock",
    "description": "Letter explaining decision of the Church to donate to the Red Cross.\n\n\"We are meeting with some opposition here as well as people in other placesbut I find out that the feeling is largely due to the fact that our peopleor some of them have been rather boastfully parading their exemption privilegesand have through that won the ill will of those who do not think aswe do. I think that we as a people ought to say very little and thinkand pray a great deal these days, as we do not know what we may be calledupon to endure for the faith, and agitating the matter does no good.\"",
    "dateStartInt": "1917-07-16"
  }
]